,City,Temp,Wind,Clouds,Humidity,Latitude,Longitude
0,Sao Gabriel da Cachoeira,76.11,2.73,0,90,-0.13,-67.09
1,Riohacha,80.25,14.03,0,79,11.54,-72.91
2,Vila Velha,82.0,6.93,75,88,-3.71,-38.6
3,Usolye,21.0,8.01,80,80,59.42,56.68
4,Rio Gallegos,50.0,6.93,90,66,-51.62,-69.22
5,Tuatapere,69.49,14.81,0,60,-46.13,167.69
6,Castro,55.4,20.8,90,100,-42.48,-73.76
7,Norman Wells,19.4,3.36,20,52,65.28,-126.83
8,Mataura,80.92,17.05,0,34,-46.19,168.86
9,Biak,88.03,1.39,0,70,-0.91,122.88
10,Hami,46.36,13.35,80,48,42.84,93.51
11,Rio Grande,73.23,7.99,20,98,-32.03,-52.1
12,Portland,37.99,19.46,75,61,45.52,-122.67
13,Dordrecht,48.2,11.41,92,93,51.8,4.68
14,Ciro Marina,58.83,4.18,8,92,39.37,17.13
15,Ushuaia,41.0,9.17,40,75,-54.81,-68.31
16,Mar del Plata,61.57,25.55,24,53,-46.43,-67.52
17,Nanortalik,27.1,43.33,80,100,60.14,-45.24
18,Muravlenko,-1.16,9.22,0,67,63.79,74.5
19,Myitkyina,61.48,2.39,100,100,25.38,97.4
20,Avarua,80.6,5.82,76,65,-21.21,-159.78
21,Kihei,77.0,17.22,75,64,20.76,-156.45
22,Healdsburg,53.6,20.29,90,100,38.61,-122.87
23,Tarakan,84.97,2.73,68,83,3.3,117.63
24,Rikitea,81.01,15.14,92,97,-23.12,-134.97
25,Narsaq,35.6,13.87,64,27,60.91,-46.05
26,Tuktoyaktuk,3.2,3.36,20,84,69.44,-133.03
27,Saint-Pierre,43.0,19.46,0,81,48.95,4.24
28,New Norfolk,57.2,14.99,75,44,-42.78,147.06
29,Atuona,80.7,15.26,92,100,-9.8,-139.03
30,Busselton,75.99,15.82,64,26,-33.64,115.35
31,Eshowe,61.35,2.06,20,94,-28.89,31.46
32,Naze,73.09,4.97,36,94,5.43,7.07
33,Lazaro Cardenas,61.0,8.05,20,31,28.39,-105.62
34,Ayagoz,19.23,3.62,20,79,47.96,80.43
35,Saskylakh,-1.93,8.43,80,69,71.97,114.09
36,Vaini,64.4,2.28,0,93,15.34,74.49
37,Lundazi,62.02,3.4,8,92,-12.29,33.17
38,Maceio,77.0,1.12,0,83,-9.67,-35.74
39,Bredasdorp,66.99,8.43,0,88,-34.53,20.04
40,Kahului,77.0,17.22,75,64,20.89,-156.47
41,Omsukchan,-2.33,4.52,76,65,62.53,155.8
42,Punta Alta,73.4,5.82,0,88,-27.46,-55.82
43,Bilibino,2.08,2.95,88,74,68.06,166.44
44,Cabra,57.0,5.82,92,100,37.47,-4.43
45,Ekhabi,12.43,11.01,8,100,53.51,142.97
46,Mwinilunga,72.37,2.28,92,67,-11.73,24.43
47,Volovo,34.21,20.18,68,90,53.55,38.01
48,Hambantota,77.0,3.36,40,100,6.12,81.12
49,Hilo,71.01,8.05,90,88,19.71,-155.08
50,Albany,19.99,12.75,90,61,42.65,-73.75
51,Teknaf,68.95,3.74,92,98,20.86,92.31
52,Husavik,7.0,5.08,56,79,50.56,-96.99
53,La Palma,68.01,2.62,64,98,5.36,-74.39
54,Punta Arenas,42.8,6.93,75,100,-53.16,-70.91
55,Cape Town,64.99,6.93,0,88,-33.93,18.42
56,Hobart,57.2,14.99,75,44,-42.88,147.33
57,Arraial do Cabo,79.53,11.34,44,94,-22.97,-42.02
58,Hermiston,24.01,2.84,20,67,45.84,-119.29
59,Port Alfred,68.0,3.0,0,95,-33.59,26.89
60,Georgetown,77.77,8.32,68,77,6.8,-58.16
61,San Patricio,76.87,5.41,8,76,-26.98,-56.83
62,Mooresville,17.01,11.68,40,61,39.61,-86.37
63,Esperance,75.2,6.93,20,83,10.24,-61.45
64,Jamestown,62.38,13.02,20,79,-33.21,138.6
65,Tessalit,50.91,5.53,8,28,20.2,1.01
66,Provideniya,30.2,13.42,0,63,64.42,-173.23
67,Saint-Philippe,17.01,11.41,75,72,45.36,-73.48
68,Barrow,66.43,8.43,24,40,-38.31,-60.23
69,Kurtamysh,14.86,12.68,56,86,54.91,64.43
70,Kaitangata,69.01,7.0,8,67,-46.28,169.85
71,Aldan,20.58,3.96,24,64,58.61,125.39
72,Ilulissat,14.0,6.93,0,51,69.22,-51.1
73,Nikolskoye,10.0,13.42,0,78,59.7,30.79
74,Nemuro,37.4,9.17,0,64,43.32,145.57
75,Sao Filipe,70.03,18.05,0,98,14.9,-24.5
76,Soe,17.6,10.29,0,78,57.91,26.05
77,Bluff,84.48,6.31,56,71,-23.58,149.07
78,Samarai,84.16,4.74,20,100,-10.62,150.67
79,Dikson,9.01,12.8,64,100,73.51,80.55
80,Fortuna,59.0,1.12,75,87,38.18,-1.13
81,Chernyshevskiy,22.96,10.45,80,81,63.01,112.47
82,Nalbari,68.0,4.07,40,88,26.45,91.44
83,Bonavista,26.01,14.0,0,74,48.65,-53.11
84,Melfort,5.0,10.29,1,65,52.87,-104.61
85,Bambous Virieux,78.01,9.78,20,83,-20.34,57.76
86,Ancud,55.4,20.8,90,100,-41.87,-73.83
87,George,80.6,8.05,40,94,6.63,3.35
88,Cururupu,74.85,2.84,68,96,-1.82,-44.87
89,Pevek,6.63,5.19,76,94,69.7,170.27
90,Luis Correia,74.17,2.62,44,91,-2.88,-41.67
91,Srednekolymsk,-3.68,3.18,68,63,67.46,153.71
92,Songea,63.55,2.28,76,97,-10.68,35.65
93,Taltal,58.6,2.17,0,95,-25.41,-70.49
94,Chokurdakh,-17.68,3.29,0,77,70.62,147.9
95,Whitehorse,19.4,16.11,5,37,60.72,-135.06
96,Mataram,77.86,2.95,80,94,-5.32,105.06
97,San Quintin,86.1,3.62,0,47,17.54,120.52
98,Masty,32.5,8.1,92,99,53.42,24.54
99,Iquitos,78.8,3.36,75,88,-3.75,-73.25
100,Saint George,50.0,4.7,40,80,39.45,22.34
101,Katsuura,55.4,4.7,90,66,33.93,134.5
102,Dargaville,75.3,6.42,0,55,-35.94,173.86
103,Seoul,50.0,3.36,75,65,37.57,126.98
104,Puerto Ayora,78.9,8.21,0,100,-0.74,-90.35
105,Rafai,70.98,2.84,8,80,4.95,23.92
106,Shimoda,59.0,8.05,75,77,34.7,138.93
107,Aklavik,14.0,3.36,20,61,68.22,-135.01
108,Guaruja,82.0,5.3,0,100,-23.99,-46.26
109,Soyo,72.6,3.62,76,98,-6.13,12.37
110,Lebu,57.2,6.93,75,87,8.96,38.73
111,Gravdal,39.99,11.41,20,86,59.79,5.78
112,Yellowknife,1.4,3.36,20,77,62.45,-114.38
113,Ponta do Sol,67.51,2.95,44,90,-20.63,-46.0
114,Trincomalee,79.66,4.29,0,94,8.58,81.23
115,Torbay,27.0,19.46,75,85,47.66,-52.73
116,Mayo,8.6,2.24,5,60,63.59,-135.9
117,Carnarvon,54.96,2.95,0,45,-30.97,22.13
118,Hofn,28.99,8.43,8,100,64.25,-15.21
119,Battle Creek,16.0,10.29,90,85,42.32,-85.18
120,Port-Gentil,78.13,2.73,48,100,-0.72,8.78
121,Severo-Kurilsk,24.18,17.27,64,100,50.68,156.12
122,Hithadhoo,80.56,7.31,56,100,-0.6,73.08
123,Butaritari,74.44,4.41,92,100,3.07,172.79
124,Kapaa,73.4,19.46,90,56,22.08,-159.32
125,Bridlington,48.2,17.22,92,93,54.08,-0.19
126,Kashmor,59.73,2.62,0,79,28.43,69.58
127,Massena,15.8,9.17,90,92,44.93,-74.89
128,Kamaishi,44.6,3.36,75,70,39.28,141.86
129,Aragarcas,69.67,4.41,8,88,-15.9,-52.25
130,Khatanga,0.91,8.99,88,80,71.98,102.47
131,Esperantinopolis,73.18,2.17,20,95,-4.87,-44.71
132,Hermanus,66.99,11.01,0,85,-34.42,19.24
133,Guerrero Negro,60.85,7.99,76,82,27.97,-114.04
134,Kontagora,75.43,3.18,20,75,10.4,5.47
135,Dawei,81.15,2.06,0,63,14.07,98.19
136,Riyadh,60.8,3.36,0,26,24.63,46.72
137,Alekseyevsk,27.6,7.76,88,82,57.84,108.35
138,Strezhevoy,-0.41,6.71,0,84,60.73,77.6
139,Leningradskiy,10.81,15.48,80,98,69.38,178.42
140,Sangar,-1.34,4.74,44,67,63.92,127.47
141,Xiamen,62.6,2.24,75,100,24.46,118.07
142,Ribeira Grande,58.33,14.81,32,100,38.52,-28.7
143,Ha Tinh,78.63,3.74,0,90,18.33,105.9
144,Coihaique,51.8,8.05,90,87,-45.58,-72.07
145,Airai,80.83,1.95,36,71,-8.93,125.41
146,East London,69.8,11.41,0,88,-33.02,27.91
147,Cabo San Lucas,72.0,4.7,40,64,22.89,-109.91
148,Ginir,53.74,2.39,0,72,7.14,40.71
149,Zhigansk,9.64,12.01,92,82,66.77,123.37
150,Lagoa,60.8,17.22,75,87,37.14,-8.45
151,Road Town,77.0,6.93,75,73,18.42,-64.62
152,Banda Aceh,81.28,2.95,12,91,5.56,95.32
153,Lorengau,83.31,5.08,8,100,-2.02,147.27
154,Upernavik,9.37,10.89,56,100,72.79,-56.15
155,Selje,39.2,16.11,92,100,62.05,5.35
156,Joao Pinheiro,71.29,5.75,80,81,-17.74,-46.17
157,Wanaka,74.26,4.07,0,30,-44.7,169.14
158,Kavieng,86.1,4.74,32,98,-2.57,150.8
159,Tomatlan,66.61,2.73,0,90,19.93,-105.25
160,Muyezerskiy,2.85,6.42,0,72,63.93,31.65
161,Ovalle,59.59,2.95,0,90,-30.6,-71.2
162,Victoria,89.6,3.36,75,62,5.28,115.24
163,Poya,78.13,15.14,12,95,-21.35,165.16
164,Calvinia,52.35,1.72,0,79,-31.47,19.78
165,Alofi,84.2,19.46,75,70,-19.06,-169.92
166,Kuytun,31.42,2.95,92,95,54.34,101.51
167,Sao Joao da Barra,82.41,18.61,76,98,-21.64,-41.05
168,Souillac,54.0,18.34,0,58,45.6,-0.6
169,Tigil,13.42,5.86,64,91,57.8,158.67
170,Tasiilaq,19.4,23.04,36,37,65.61,-37.64
171,Salalah,71.6,2.24,0,64,17.01,54.1
172,Nicoya,82.4,24.16,0,54,10.15,-85.45
173,Hays,12.99,6.53,1,72,38.88,-99.33
174,Cockburn Town,77.95,13.02,100,97,21.46,-71.14
175,Fermoy,48.2,13.87,75,100,52.14,-8.28
176,Bethel,35.6,9.17,40,83,60.79,-161.76
177,Sorong,82.0,5.19,12,100,-0.86,131.25
178,Havoysund,23.0,29.97,76,92,71.0,24.66
179,Berlevag,13.11,6.76,12,100,70.86,29.09
180,Brae,39.2,12.75,12,64,60.4,-1.35
181,Doka,68.05,9.44,0,37,13.52,35.76
182,Coahuayana,67.69,2.06,8,61,18.62,-100.35
183,Nizwa,46.23,3.18,0,64,22.93,57.53
184,San Pedro,69.01,7.31,32,86,-33.68,-59.66
185,Alice Springs,89.6,14.99,0,22,-23.7,133.88
186,Ahipara,73.86,5.19,44,65,-35.17,173.16
187,Codrington,93.99,3.36,0,43,-28.95,153.24
188,Mahebourg,78.01,9.78,20,83,-20.41,57.7
189,Faanui,83.98,6.42,80,100,-16.48,-151.75
190,Farmington,48.2,13.87,90,42,36.73,-108.21
191,Iqaluit,-20.01,12.75,5,75,63.75,-68.52
192,Votice,37.99,9.17,0,89,49.64,14.64
193,Sitka,21.99,2.84,0,61,37.17,-99.65
194,Comodoro Rivadavia,68.0,18.34,0,34,-45.87,-67.48
195,Rosarito,73.4,2.24,40,88,4.91,-75.23
196,Bera,67.83,4.41,48,100,24.08,89.61
197,Okahandja,71.01,5.82,24,64,-21.98,16.91
198,Klaksvik,33.8,3.36,0,100,62.23,-6.59
199,Oktyabrskiy,37.99,11.18,75,86,55.61,37.97
200,Qaanaaq,-9.76,4.63,44,83,77.48,-69.36
201,Chuy,68.32,7.43,56,97,-33.69,-53.46
202,Birobidzhan,31.15,7.31,0,52,48.79,132.93
203,Namibe,78.22,2.06,68,100,-15.19,12.15
204,Bandarbeyla,78.13,13.8,0,100,9.49,50.81
205,Vardo,28.0,11.41,1,38,39.62,-77.74
206,Romitan,39.2,13.87,0,52,39.93,64.38
207,Port Hardy,28.4,5.82,20,74,50.7,-127.42
208,Bolotnoye,18.46,6.76,68,88,55.67,84.39
209,Mengcheng,60.4,11.01,0,68,33.26,116.57
210,Yulara,87.8,13.87,0,25,-25.24,130.99
211,Laives,48.99,9.17,0,74,46.65,4.85
212,Constantine,42.8,2.17,0,87,36.36,6.61
213,Kodiak,14.0,6.93,1,78,39.95,-94.76
214,Eyl,76.33,13.47,92,100,7.98,49.82
215,Uribia,78.04,16.71,0,71,11.71,-72.27
216,Sur,67.38,2.84,0,100,22.57,59.53
217,Saldanha,50.55,18.84,92,95,41.42,-6.55
218,San Cristobal,59.0,5.82,75,76,-0.39,-78.55
219,Tautira,86.0,4.7,40,62,-17.73,-149.15
220,Port Elizabeth,30.99,14.47,75,92,39.31,-74.98
221,Santa Marta,84.2,16.11,75,62,11.24,-74.21
222,Pisco,73.4,16.11,40,78,-13.71,-76.2
223,Mecca,46.9,4.74,0,75,21.43,39.83
224,Benguela,77.73,4.07,48,100,-12.58,13.4
225,Calama,59.0,4.7,0,38,-22.46,-68.93
226,Santa Isabel do Rio Negro,78.49,2.39,0,91,-0.41,-65.02
227,Herat,42.8,8.05,90,87,34.35,62.22
228,Kropotkin,46.0,14.47,80,61,45.43,40.58
229,Elat,70.26,2.39,88,97,2.91,11.16
230,Sol-Iletsk,34.26,16.26,100,93,51.16,55.0
231,Thompson,1.4,14.99,90,64,55.74,-97.86
232,Upington,71.6,5.82,0,35,-28.46,21.24
233,Anta,57.2,5.82,75,58,-13.47,-72.15
234,Tiksi,9.55,10.45,64,67,71.64,128.87
235,Carnduff,3.99,4.0,24,86,49.17,-101.8
236,Koygorodok,29.62,8.43,92,94,60.44,51.01
237,Rosario,66.0,9.44,0,92,-34.31,-57.35
238,Nome,43.0,6.2,1,60,30.04,-94.42
239,Hamilton,71.01,18.01,88,95,32.3,-64.78
240,Sistranda,21.0,6.93,0,78,63.73,8.83
241,Khani,37.4,8.05,0,76,41.96,42.96
242,Maumelle,34.0,8.05,1,40,34.87,-92.4
243,Itarema,74.44,3.4,36,95,-2.92,-39.92
244,Nata,48.2,8.05,0,81,34.78,32.57
245,Puerto Escondido,82.72,12.01,0,100,15.86,-97.07
246,Touho,78.94,7.09,68,79,-20.78,165.23
247,West Bay,50.0,19.46,75,100,50.71,-2.76
248,Kieta,82.86,6.53,56,92,-6.22,155.63
249,Shenjiamen,49.96,21.85,76,100,29.96,122.3
250,Salinopolis,78.85,6.2,36,100,-0.61,-47.36
251,Dunedin,76.87,3.18,0,56,-45.87,170.5
252,Manzanillo,79.57,10.22,36,100,20.34,-77.12
253,Santa Maria,75.2,5.82,40,83,-29.69,-53.81
254,Zhuji,60.01,6.71,75,87,29.72,120.23
255,Arman,11.85,4.07,12,65,59.7,150.17
256,Anadyr,21.2,13.42,32,85,64.73,177.51
257,Turukhansk,10.68,14.47,68,84,65.8,87.96
258,Broome,48.2,12.75,92,93,52.47,1.45
259,Oistins,78.8,18.34,20,69,13.07,-59.53
260,Barra do Garcas,69.94,3.51,20,91,-15.89,-52.26
261,Marfino,37.99,15.66,90,93,56.07,37.56
262,Chicama,75.2,10.29,90,88,-7.84,-79.15
263,Domodossola,44.01,3.36,0,80,46.12,8.29
264,Mount Gambier,62.6,18.34,75,42,-37.83,140.78
265,Alindao,71.65,4.41,8,79,5.04,21.21
266,Ghanzi,72.1,9.22,24,55,-21.7,21.65
267,Prince Rupert,33.8,2.24,1,43,54.32,-130.32
268,Zyryanka,-1.07,3.18,48,67,65.73,150.89
269,Port Lincoln,64.95,15.14,20,87,-34.72,135.86
270,Kenai,32.0,12.75,90,74,60.55,-151.26
271,Mahajanga,75.2,9.17,75,94,-15.72,46.32
272,Tarata,68.0,6.93,0,72,-17.47,-70.03
273,Raudeberg,39.2,9.17,92,80,61.99,5.14
274,Laguna,68.0,2.51,90,68,27.52,-110.01
275,Constitucion,75.2,9.17,20,11,23.99,-104.67
276,Longyearbyen,-7.61,9.17,75,69,78.22,15.63
277,Chukhloma,34.75,16.15,92,96,58.76,42.68
278,Choma,66.79,12.46,8,76,-16.81,26.98
279,Pantai Remis,88.0,5.82,75,70,4.46,100.63
280,Booue,74.31,2.62,68,96,-0.09,11.94
281,May Pen,78.8,5.82,20,61,17.97,-77.26
282,Saint-Georges,7.0,1.01,32,84,46.12,-70.67
283,Tekeli,26.47,1.61,24,71,44.86,78.76
284,Chaozhou,64.4,2.73,90,93,23.66,116.62
285,Fez,57.2,14.99,0,50,34.03,-5.02
286,College,27.0,7.31,20,73,64.86,-147.8
287,Matara,43.12,1.61,64,98,-13.74,-72.9
288,Atambua,81.6,3.96,68,100,-9.11,124.89
289,Izumo,55.4,2.24,75,71,35.37,132.75
290,Algiers,50.0,8.05,1,39,29.94,-90.04
291,Okulovka,16.57,15.37,64,83,58.37,33.3
292,Luderitz,59.28,1.83,0,89,-26.65,15.16
293,Terra Nova,84.2,9.17,40,79,-12.41,-38.62
294,Berkakit,20.76,5.08,0,57,56.58,124.77
295,Meiringen,37.99,3.36,0,64,46.73,8.19
296,Kidal,48.66,3.51,0,30,18.44,1.41
297,Rumoi,37.4,3.36,75,69,43.93,141.67
298,Lithgow,90.0,17.22,40,53,-33.48,150.16
299,Clyde River,-5.81,12.75,90,83,70.47,-68.59
300,Mezen,7.3,4.63,44,81,65.85,44.24
301,Mezhdurechensk,22.06,2.73,20,79,53.69,88.07
302,Pinos,51.8,3.36,5,71,22.3,-101.57
303,Maniitsoq,12.75,7.65,36,76,65.42,-52.9
304,Poum,25.84,1.83,0,87,41.28,20.71
305,Ayan,28.05,3.96,32,96,40.67,33.6
306,Ostrovnoy,12.3,19.95,8,93,68.05,39.51
307,Mokrousovo,3.61,8.88,44,71,55.81,66.77
308,Cherskiy,1.05,3.51,80,71,68.75,161.3
309,Sloboda,23.73,11.9,76,81,57.03,59.56
310,Kitimat,30.2,10.29,5,39,54.02,-128.69
311,Gilgit,9.33,0.6,8,83,35.92,74.31
312,Svarstad,28.4,4.7,88,100,59.4,9.97
313,Krasnogorsk,37.99,15.66,90,93,55.82,37.34
314,Kholmogory,-4.01,6.71,0,83,64.23,41.65
315,Geraldton,-5.81,4.7,40,70,49.72,-86.95
316,Saint Anthony,33.8,2.73,90,59,43.97,-111.68
317,Puerto Narino,78.8,2.24,20,100,-3.77,-70.38
318,Conde,80.65,7.31,92,89,-11.81,-37.61
319,Columbus,41.0,4.7,1,57,32.46,-84.99
320,Grand Gaube,79.0,1.12,40,83,-20.01,57.66
321,Lapi,17.6,10.29,0,78,57.91,26.99
322,Palmer,69.01,17.22,75,45,-34.85,139.16
323,Carlagan,77.68,9.1,68,99,14.97,122.05
324,Slave Lake,6.8,2.84,1,84,55.28,-114.77
325,Nieuw Amsterdam,77.0,5.82,0,88,5.88,-55.08
326,Benevides,77.0,4.7,40,88,-1.36,-48.25
327,Dandong,45.96,7.99,24,68,40.12,124.37
328,Saint-Augustin,57.2,10.29,0,62,44.83,-0.61
329,Preobrazheniye,45.28,3.18,0,49,42.9,133.91
330,Rapina,19.4,11.18,0,73,58.1,27.46
331,Muros,57.0,17.22,75,87,42.77,-9.06
332,Itoman,73.4,14.99,40,83,26.12,127.67
333,Alegre,71.38,2.95,36,95,-20.76,-41.53
334,Todos Santos,72.0,4.7,40,64,23.45,-110.23
335,Albion,14.0,3.36,1,78,41.69,-98.0
336,Harper,37.99,5.41,1,55,30.3,-99.24
337,Auxerre,46.0,8.05,0,86,47.8,3.58
338,Lethem,82.81,14.14,0,55,3.38,-59.8
339,Trenggalek,81.06,0.94,24,90,-8.05,111.71
340,La Ronge,6.8,6.93,90,65,55.1,-105.3
341,Smithers,19.4,2.24,5,57,54.78,-127.17
342,Vanimo,82.0,8.99,88,100,-2.67,141.3
343,Prince George,15.01,1.72,1,71,53.92,-122.75
344,Tommot,19.99,4.52,32,65,58.97,126.27
345,Beringovskiy,24.85,3.74,32,95,63.05,179.32
346,Santiago del Estero,76.2,3.62,76,88,-27.8,-64.26
347,Rawson,57.52,7.43,12,44,-43.3,-65.11
348,Kudahuvadhoo,83.17,8.55,24,98,2.67,72.89
349,Hay River,3.2,3.36,20,77,60.82,-115.79
350,Kruisfontein,64.9,10.11,0,76,-34.0,24.73
351,Zalantun,32.86,5.64,0,35,48.0,122.72
352,Okhotsk,19.72,4.97,24,83,59.36,143.24
353,Suntar,22.51,7.65,8,61,62.16,117.65
354,Tiznit,51.45,2.73,44,95,29.7,-9.73
355,Karratha,101.35,7.99,0,25,-20.74,116.85
356,Grindavik,26.6,8.05,40,92,63.84,-22.43
357,Springbok,54.78,2.73,0,79,-29.67,17.88
358,Fairbanks,27.0,7.31,20,73,64.84,-147.72
359,Jiazi,80.6,6.71,0,69,19.61,110.49
360,Beloha,74.71,12.01,8,86,-25.17,45.06
361,Kangaatsiaq,9.28,6.08,12,100,68.31,-53.46
362,Copperas Cove,37.4,3.18,1,43,31.12,-97.9
363,Hanyang,55.99,2.95,92,67,32.14,105.51
364,Gorele,62.6,17.22,75,33,41.03,39.0
365,Evensk,12.21,6.76,80,100,61.92,159.24
366,Pacific Grove,57.99,18.34,75,76,36.62,-121.92
367,Guozhen,54.82,6.64,76,96,29.3,113.14
368,Komsomolskiy,0.06,17.83,32,62,67.55,63.78
369,Port Washington,14.0,3.36,90,78,43.39,-87.88
370,Port Hedland,96.8,12.75,0,60,-20.31,118.58
371,Tateyama,64.0,6.93,75,44,36.66,137.31
372,Maldonado,68.0,6.93,20,94,-34.91,-54.96
373,Campbell River,33.8,2.24,20,54,50.02,-125.24
374,Iquique,69.8,10.29,0,73,-20.22,-70.14
375,Padang,86.0,1.12,20,58,-0.92,100.36
376,Kabanjahe,84.2,4.7,40,79,3.1,98.49
377,Ixtapa,75.2,5.82,5,88,20.71,-105.21
378,Mitsamiouli,80.6,2.24,20,74,-11.38,43.28
379,Abnub,46.4,10.29,0,75,27.27,31.15
380,Normandin,5.0,5.82,75,71,48.84,-72.53
381,Hat Yai,84.2,5.82,20,66,7.0,100.46
382,Manado,89.6,9.17,40,62,1.49,124.85
383,Iskateley,6.4,12.8,76,85,67.68,53.15
384,Taoudenni,49.51,6.87,0,29,22.68,-3.98
385,Rocha,58.6,5.75,20,89,-34.48,-54.34
386,Catazaja,76.65,8.66,68,82,17.73,-92.02
387,Locri,57.2,4.7,40,82,38.24,16.26
388,Olinda,80.6,2.24,40,83,-2.03,-79.75
389,Cochabamba,66.2,6.93,75,55,-17.39,-66.16
390,Karoi,63.91,3.96,20,90,-16.82,29.68
391,Mersing,84.48,7.43,80,78,2.43,103.84
392,Sayan,63.15,2.39,20,90,15.88,43.46
393,Nabinagar,73.4,4.18,75,83,23.88,90.97
394,Lompoc,57.2,10.29,90,67,34.64,-120.46
395,San Francisco,55.99,6.93,90,93,37.78,-122.42
396,Marzuq,55.54,2.84,48,94,14.4,46.47
397,Nioro,65.13,3.74,0,55,13.79,-15.05
398,Tazmalt,51.8,12.75,0,93,36.39,4.4
399,Atar,50.14,4.63,0,29,20.52,-13.05
400,Ferkessedougou,67.6,4.97,0,48,9.6,-5.2
401,Batticaloa,80.29,2.39,0,100,7.71,81.69
402,Mouila,72.37,0.38,76,99,-1.86,11.06
403,Huanan,29.76,8.88,0,40,46.24,130.56
404,Saint-Francois,46.99,5.82,0,70,46.42,3.91
405,Rantepao,75.7,2.17,68,92,-2.97,119.9
406,Talara,77.28,5.41,76,76,-4.58,-81.27
407,Burns Lake,12.79,4.63,0,59,54.23,-125.76
408,Half Moon Bay,57.99,29.97,90,82,37.46,-122.43
409,Cidreira,74.62,4.63,56,92,-30.17,-50.22
410,Rossland,15.49,1.72,0,69,49.08,-117.8
411,Dekar,73.0,9.89,92,59,-21.53,21.93
412,Gazli,35.92,13.24,20,49,40.13,63.45
413,Walvis Bay,66.2,9.17,100,88,-22.95,14.51
414,Guarapari,77.0,2.24,40,94,-20.67,-40.5
415,Luwuk,88.03,1.39,0,70,-0.95,122.79
416,Kamenskiy,34.12,15.14,12,92,50.89,45.49
417,Zletovo,42.8,6.93,40,81,41.99,22.23
418,Monduli,60.8,4.18,20,93,-3.3,36.45
419,Tumpat,82.4,1.12,75,74,6.2,102.17
420,Touros,77.0,3.36,40,94,-5.2,-35.46
421,Sangueya,68.95,2.73,0,92,10.7,-14.37
422,Tuban,84.03,6.87,20,92,-6.9,112.07
423,Gillette,9.0,3.4,1,65,44.29,-105.5
424,Kpandae,78.04,9.78,48,56,8.46,-0.01
425,Talcahuano,59.0,8.05,0,77,-36.72,-73.12
426,Axim,78.49,6.76,36,100,4.87,-2.24
427,Hasaki,57.0,6.93,90,76,35.73,140.83
428,Lasa,46.4,8.05,0,81,34.92,32.53
429,Mount Isa,95.0,8.05,40,20,-20.73,139.49
430,Altayskoye,18.91,2.95,76,81,51.95,85.34
431,Kibondo,56.8,2.62,20,94,-3.59,30.72
432,Vestmannaeyjar,25.08,7.65,0,100,63.44,-20.27
433,Dingle,87.36,11.68,0,55,11.0,122.67
434,Vostok,25.35,5.64,0,49,46.45,135.83
435,Verkhnyaya Inta,12.52,8.77,88,58,65.99,60.32
436,Odessa,41.0,8.05,1,44,31.85,-102.37
437,Faya,57.2,6.93,40,82,18.39,42.45
438,Forestville,14.0,10.29,20,47,48.74,-69.09
439,Honningsvag,24.63,17.16,68,100,70.98,25.97
440,Ulaangom,22.11,1.39,0,67,49.98,92.07
441,Kjollefjord,17.29,11.01,48,89,70.95,27.35
442,Nelson Bay,100.4,17.22,0,17,-32.72,152.14
443,Jucurutu,67.15,1.95,8,93,-6.03,-37.02
444,Ibra,48.3,2.62,0,93,22.69,58.55
445,Goldap,23.23,6.53,8,86,54.31,22.3
446,Carutapera,76.11,2.28,68,97,-1.2,-46.02
447,Kavaratti,81.6,14.14,20,100,10.57,72.64
448,Burley,35.6,13.87,90,64,42.54,-113.79
449,Kununurra,95.0,5.82,0,47,-15.77,128.74
450,Aden,78.31,5.97,20,100,12.79,45.03
451,Gornopravdinsk,7.12,6.2,8,76,60.06,69.92
452,Sompeta,72.91,3.96,88,95,18.93,84.6
453,Aswan,44.38,4.18,0,94,24.09,32.9
454,Sitrah,62.6,3.96,0,82,26.15,50.62
455,Toropets,19.63,18.05,64,81,56.5,31.64
456,Nara,61.0,8.05,75,58,34.68,135.8
457,Porto Walter,77.5,1.61,0,94,-8.27,-72.74
458,Teguldet,19.36,4.52,80,71,57.31,88.17
459,Thinadhoo,82.41,9.22,88,100,0.53,72.93
460,Kirensk,29.4,5.75,88,82,57.78,108.12
461,Kamenka,34.3,15.93,76,95,53.19,44.05
462,Araouane,50.28,3.18,12,30,18.9,-3.53
463,Hualmay,69.13,4.18,32,87,-11.1,-77.61
464,Acapulco,78.8,6.93,5,83,16.86,-99.88
465,Khor,29.58,4.18,0,50,47.88,134.96
466,Bousse,45.0,14.99,0,86,49.28,6.2
467,Timisesti,39.0,6.93,0,59,47.23,26.55
468,Jhang,55.0,1.01,32,68,33.67,72.7
469,Amahai,83.4,1.39,12,100,-3.31,129.0
470,Aykhal,22.65,8.88,32,83,65.95,111.51
471,Ilhabela,82.27,8.66,8,97,-23.78,-45.36
472,Arvi,69.13,6.2,0,45,21.0,78.23
473,Vila Franca do Campo,55.0,8.05,40,62,37.72,-25.43
474,Pontianak,77.0,4.7,40,88,-0.02,109.34
475,Tilichiki,17.92,3.74,32,88,60.47,166.1
476,Winsum,43.0,9.17,20,81,53.33,6.52
477,Pocoes,69.13,2.73,12,95,-14.53,-40.37
478,Kouango,70.26,3.74,24,90,4.99,19.98
479,Qostanay,24.8,11.18,90,100,53.17,63.58
480,Georgiyevka,33.9,15.03,88,93,52.25,40.45
481,Kyrksaeterora,23.0,6.93,0,78,63.29,9.09
482,Ongandjera,77.14,11.68,36,31,-17.88,15.07
483,Ejido,58.69,1.72,0,99,8.55,-71.24
484,Baykit,17.2,11.23,32,70,61.68,96.39
485,Mumford,79.3,9.22,20,92,5.26,-0.76
486,Hailar,29.26,10.78,0,39,49.2,119.7
487,Umea,6.8,8.05,0,65,63.83,20.26
488,Knysna,62.6,2.24,90,100,-34.04,23.05
489,Talnakh,8.7,15.48,76,83,69.49,88.39
490,Menongue,62.61,5.19,76,91,-14.66,17.68
491,Bulgan,39.48,3.62,20,22,48.81,103.53
492,Grand Island,17.01,8.05,1,77,40.92,-98.34
493,Hyderabad,77.0,5.82,0,63,17.36,78.47
494,Caravelas,83.13,12.8,76,100,-17.73,-39.27
495,Polyarnyy,-13.01,2.24,0,75,69.2,33.45
496,Nkhata Bay,69.31,3.62,76,100,-11.61,34.3
497,Lumberton,41.0,6.2,1,60,30.27,-94.2
498,Marawi,82.99,7.0,0,74,8.0,124.29
499,Agadir,50.0,4.7,68,93,30.42,-9.58
500,Los Teques,77.0,2.17,20,73,10.35,-67.04
501,Santa Barbara,60.01,9.17,90,76,34.42,-119.7
502,Minab,57.2,6.2,0,87,27.15,57.07
503,Richards Bay,67.69,2.17,36,97,-28.77,32.06
504,Concordia,72.0,3.96,0,91,-31.4,-58.02
505,Altamira,74.44,2.51,64,94,-3.2,-52.21
506,Luleburgaz,48.0,1.12,40,87,41.4,27.36
507,Tahara,63.0,3.36,75,62,34.64,137.18
508,Gubkinskiy,4.51,10.0,0,77,64.43,76.5
509,Kumbo,65.13,1.39,64,81,6.21,10.69
510,Ugoofaaru,82.9,11.01,0,99,5.67,73.0
511,Port Keats,93.75,6.64,0,74,-14.25,129.55
512,Shagonar,19.41,2.06,12,87,51.54,92.92
513,Juba,15.8,9.17,0,78,57.82,26.93
514,Hobyo,76.83,13.24,88,91,5.35,48.53
515,Coquimbo,62.6,3.36,0,82,-29.95,-71.34
516,Leh,-7.78,1.05,32,73,34.16,77.58
517,Rovaniemi,3.2,18.34,0,65,66.5,25.72
518,Kumluca,21.07,1.61,8,78,36.37,30.29
519,Krosno,39.99,18.34,75,77,49.69,21.77
520,Lodja,69.85,2.62,36,94,-3.52,23.6
521,Kabul,32.0,8.05,0,49,34.53,69.18
522,Katobu,78.67,1.95,92,100,-4.94,122.53
523,Floro,39.2,9.17,92,80,61.6,5.03
524,Hede,5.0,3.85,76,91,60.45,15.49
525,Awjilah,43.12,2.62,0,79,29.14,21.3
526,Progreso,72.0,9.17,0,88,-34.68,-56.22
527,Bereda,55.99,19.46,92,76,43.27,-7.54
528,Tongren,50.32,5.75,92,94,27.72,109.18
529,Semporna,87.8,4.7,75,62,4.48,118.61
530,Abu Kamal,41.46,3.4,24,81,34.45,40.92
531,Batagay-Alyta,0.6,3.62,0,76,67.8,130.41
532,Luoyang,55.81,4.97,0,68,34.66,112.42
533,Lavrentiya,29.98,7.76,88,97,65.58,-170.99
534,Klyuchi,18.1,8.77,24,85,52.25,79.17
535,Sinnamary,76.6,10.0,88,100,5.38,-52.96
536,Green River,21.2,5.82,90,79,41.53,-109.47
537,Sulangan,80.61,13.24,8,99,11.14,123.72
538,Moose Factory,-11.21,3.36,75,76,51.26,-80.61
539,Alyangula,89.6,5.82,75,62,-13.85,136.42
540,Chunhuhub,86.59,5.86,100,46,19.59,-88.59
